n,k,y,x,l2_request.all,l2_request.miss,miss_to_all_ratio
1000,24,2,1,149270087.0,103838127.0,69.0
1000,24,2,2,146086036.0,104951407.0,71.0
1000,24,2,3,146608087.0,105211385.0,71.0
1000,24,2,4,144802353.0,105158843.0,72.0
1000,24,3,1,151123572.0,105772847.0,69.0
1000,24,3,2,143189709.0,104298500.0,72.0
1000,24,3,3,143715528.0,104882269.0,72.0
1000,48,2,1,168315197.0,104993060.0,62.0
1000,48,2,2,159173430.0,105288338.0,66.0
1000,48,2,3,159777673.0,105469659.0,66.0
1000,48,2,4,156998888.0,106280174.0,67.0
1000,48,3,1,163995342.0,105634377.0,64.0
1000,48,3,2,154132086.0,104860259.0,68.0
1000,48,3,3,154815404.0,106030605.0,68.0
1000,96,2,1,224825950.0,131151667.0,58.0
1000,96,2,2,194817079.0,119005582.0,61.0
1000,96,2,3,187317840.0,115839290.0,61.0
1000,96,2,4,180303522.0,113612648.0,63.0
1000,96,3,1,216079978.0,131926086.0,61.0
1000,96,3,2,184353710.0,118826047.0,64.0
1000,96,3,3,177120096.0,115612450.0,65.0
1000,192,2,1,314441447.0,166001021.0,52.0
1000,192,2,2,255128328.0,135968687.0,53.0
1000,192,2,3,239805663.0,127114911.0,53.0
1000,192,2,4,225983430.0,121267420.0,53.0
1000,192,3,1,296041679.0,166782910.0,56.0
1000,192,3,2,234944988.0,135733105.0,57.0
1000,192,3,3,218523781.0,127069004.0,58.0
1000,384,2,1,492718212.0,226030819.0,45.0
1000,384,2,2,378926107.0,167812487.0,44.0
1000,384,2,3,343797837.0,148211651.0,43.0
1000,384,2,4,317035848.0,136800125.0,43.0
1000,384,3,1,455646914.0,227179276.0,49.0
1000,384,3,2,335356204.0,165930336.0,49.0
1000,384,3,3,301704045.0,147939319.0,49.0
1000,768,2,1,851915215.0,347454861.0,40.0
1000,768,2,2,617520849.0,226432487.0,36.0
1000,768,2,3,551105952.0,190090449.0,34.0
1000,768,2,4,498964420.0,167519781.0,33.0
1000,768,3,1,774450999.0,347686057.0,44.0
1000,768,3,2,536157977.0,226823373.0,42.0
1000,768,3,3,467099482.0,189534793.0,40.0
2000,24,2,1,224750451.0,109875877.0,48.0
2000,24,2,2,205227210.0,111064111.0,54.0
2000,24,2,3,208562593.0,117685910.0,56.0
2000,24,2,4,199537961.0,117530707.0,58.0
2000,24,3,1,216251395.0,110423484.0,51.0
2000,24,3,2,195085346.0,110837230.0,56.0
2000,24,3,3,197818818.0,117039797.0,59.0
2000,48,2,1,336056552.0,169132586.0,50.0
2000,48,2,2,271754408.0,141316197.0,52.0
2000,48,2,3,261168420.0,135751313.0,51.0
2000,48,2,4,245429259.0,128786920.0,52.0
2000,48,3,1,317280570.0,170094566.0,53.0
2000,48,3,2,251691661.0,141142278.0,56.0
2000,48,3,3,240762377.0,135749065.0,56.0
2000,96,2,1,515737336.0,235122657.0,45.0
2000,96,2,2,391354453.0,172025771.0,43.0
2000,96,2,3,365115773.0,156949716.0,42.0
2000,96,2,4,335870451.0,144410754.0,42.0
2000,96,3,1,476904113.0,235901980.0,49.0
2000,96,3,2,352073464.0,172476516.0,48.0
2000,96,3,3,323543319.0,156846080.0,48.0
2000,192,2,1,874479558.0,355169121.0,40.0
2000,192,2,2,632172492.0,233255658.0,36.0
2000,192,2,3,571722192.0,198757674.0,34.0
2000,192,2,4,517156879.0,175337331.0,33.0
2000,192,3,1,795628047.0,356054178.0,44.0
2000,192,3,2,551387756.0,232770283.0,42.0
2000,192,3,3,489014505.0,198940072.0,40.0
2000,384,2,1,1592680289.0,596495810.0,37.0
2000,384,2,2,1112178104.0,353657128.0,31.0
2000,384,2,3,985887712.0,282067228.0,28.0
2000,384,2,4,877630336.0,235859490.0,26.0
2000,384,3,1,1434044716.0,597462313.0,41.0
2000,384,3,2,951631860.0,353584889.0,37.0
2000,384,3,3,819274010.0,281829609.0,34.0
2000,768,2,1,3159967589.0,1096204922.0,34.0
2000,768,2,2,2175165341.0,617905878.0,28.0
2000,768,2,3,1826735512.0,460318074.0,25.0
2000,768,2,4,1610709824.0,368781156.0,22.0
2000,768,3,1,2786635936.0,1114301294.0,39.0
2000,768,3,2,1761092904.0,603786328.0,34.0
2000,768,3,3,1499056082.0,464746043.0,31.0
3000,24,2,1,395727095.0,169129155.0,42.0
3000,24,2,2,320158731.0,150944629.0,47.0
3000,24,2,3,318419084.0,155856450.0,48.0
3000,24,2,4,308810273.0,153229252.0,49.0
3000,24,3,1,374756446.0,170229699.0,45.0
3000,24,3,2,298184502.0,150805062.0,50.0
3000,24,3,3,293155163.0,154568002.0,52.0
3000,48,2,1,599917471.0,264299586.0,44.0
3000,48,2,2,458441787.0,192158268.0,41.0
3000,48,2,3,437437849.0,182831178.0,41.0
3000,48,2,4,414980367.0,172077661.0,41.0
3000,48,3,1,556922744.0,265364156.0,47.0
3000,48,3,2,410784451.0,191053169.0,46.0
3000,48,3,3,390730593.0,182353726.0,46.0
3000,96,2,1,1002783604.0,399530159.0,39.0
3000,96,2,2,725226285.0,258475019.0,35.0
3000,96,2,3,666970445.0,228642893.0,34.0
3000,96,2,4,620007343.0,205787264.0,33.0
3000,96,3,1,915031565.0,400850946.0,43.0
3000,96,3,2,635340996.0,258926529.0,40.0
3000,96,3,3,572663979.0,227533724.0,39.0
3000,192,2,1,1809490589.0,670369711.0,37.0
3000,192,2,2,1264868320.0,394586147.0,31.0
3000,192,2,3,1123427090.0,319258266.0,28.0
3000,192,2,4,1034028620.0,275267522.0,26.0
3000,192,3,1,1632093877.0,671799945.0,41.0
3000,192,3,2,1085315884.0,395052761.0,36.0
3000,192,3,3,941153417.0,320588820.0,34.0
3000,384,2,1,3446937791.0,1214641934.0,35.0
3000,384,2,2,2345855714.0,667368182.0,28.0
3000,384,2,3,2041219337.0,504368895.0,24.0
3000,384,2,4,1863737719.0,416528872.0,22.0
3000,384,3,1,3067573560.0,1214252242.0,39.0
3000,384,3,2,1986442691.0,669051685.0,33.0
3000,384,3,3,1679823809.0,508469707.0,30.0
3000,768,2,1,7382057057.0,2585318422.0,35.0
3000,768,2,2,4975157906.0,1320091605.0,26.0
3000,768,2,3,3986203140.0,966346760.0,24.0
3000,768,2,4,3588959301.0,761257920.0,21.0
3000,768,3,1,6181252000.0,2536924445.0,41.0
3000,768,3,2,4048990210.0,1346151749.0,33.0
3000,768,3,3,3251555258.0,965081858.0,29.0
4000,24,2,1,628165177.0,292508773.0,46.0
4000,24,2,2,497545590.0,228671121.0,45.0
4000,24,2,3,503936303.0,243796956.0,48.0
4000,24,2,4,474260733.0,226465521.0,47.0
4000,24,3,1,590030586.0,293216273.0,49.0
4000,24,3,2,454944825.0,226740898.0,49.0
4000,24,3,3,466811194.0,245308661.0,52.0
4000,48,2,1,992584305.0,423024932.0,42.0
4000,48,2,2,735098598.0,288619167.0,39.0
4000,48,2,3,703880653.0,283872954.0,40.0
4000,48,2,4,663155769.0,260376643.0,39.0
4000,48,3,1,910081305.0,420431611.0,46.0
4000,48,3,2,654743157.0,288538341.0,44.0
4000,48,3,3,627198486.0,283641205.0,45.0
4000,96,2,1,1702168336.0,660269181.0,38.0
4000,96,2,2,1215896042.0,409613415.0,33.0
4000,96,2,3,1107430078.0,365604518.0,33.0
4000,96,2,4,1033049751.0,323636296.0,31.0
4000,96,3,1,1545952377.0,661318827.0,42.0
4000,96,3,2,1053982972.0,409148062.0,38.0
4000,96,3,3,958982653.0,369719246.0,38.0
4000,192,2,1,3141514000.0,1146793277.0,36.0
4000,192,2,2,2172537724.0,650092138.0,29.0
4000,192,2,3,1895181678.0,513358828.0,27.0
4000,192,2,4,1781611618.0,456898667.0,25.0
4000,192,3,1,2819574412.0,1144102262.0,40.0
4000,192,3,2,1855342572.0,650593543.0,35.0
4000,192,3,3,1601710410.0,530438477.0,33.0
4000,384,2,1,6549356366.0,2295494822.0,35.0
4000,384,2,2,4202950314.0,1158806940.0,27.0
4000,384,2,3,3569506343.0,890071000.0,24.0
4000,384,2,4,3273986178.0,720903921.0,22.0
4000,384,3,1,5577427155.0,2136799601.0,38.0
4000,384,3,2,3508000611.0,1178736733.0,33.0
4000,384,3,3,2932982382.0,889038321.0,30.0
4000,768,2,1,13321367840.0,4593608248.0,34.0
4000,768,2,2,9087530801.0,2357054905.0,25.0
4000,768,2,3,6957444513.0,1661297666.0,23.0
4000,768,2,4,6364414932.0,1335198756.0,20.0
4000,768,3,1,10868881429.0,4497797412.0,41.0
4000,768,3,2,7176384531.0,2349116073.0,32.0
4000,768,3,3,5663487888.0,1659401389.0,29.0
5000,24,2,1,914292516.0,386078534.0,42.0
5000,24,2,2,706535612.0,278711662.0,39.0
5000,24,2,3,742697850.0,329383251.0,44.0
5000,24,2,4,698888473.0,310438374.0,44.0
5000,24,3,1,855229912.0,388023914.0,45.0
5000,24,3,2,633049469.0,270550263.0,42.0
5000,24,3,3,691126137.0,338160746.0,48.0
5000,48,2,1,1474149438.0,574686866.0,38.0
5000,48,2,2,1069293859.0,367146049.0,34.0
5000,48,2,3,1061363058.0,394992627.0,37.0
5000,48,2,4,1002084968.0,359423613.0,35.0
5000,48,3,1,1351808000.0,575856200.0,42.0
5000,48,3,2,946578544.0,366318770.0,38.0
5000,48,3,3,953990354.0,404686886.0,42.0
5000,96,2,1,2593244610.0,950452198.0,36.0
5000,96,2,2,1825217432.0,564340044.0,30.0
5000,96,2,3,1684279393.0,512030524.0,30.0
5000,96,2,4,1588758937.0,462462332.0,29.0
5000,96,3,1,2348014245.0,952426625.0,40.0
5000,96,3,2,1568669339.0,556473686.0,35.0
5000,96,3,3,1487376807.0,543571938.0,36.0
5000,192,2,1,4877952352.0,1702042931.0,34.0
5000,192,2,2,3325755805.0,933710220.0,28.0
5000,192,2,3,2911333684.0,728425430.0,25.0
5000,192,2,4,2783782778.0,675298132.0,24.0
5000,192,3,1,4336533242.0,1703653119.0,39.0
5000,192,3,2,2818590434.0,932687283.0,33.0
5000,192,3,3,2519614642.0,802207552.0,31.0
5000,384,2,1,10384918898.0,3445899552.0,33.0
5000,384,2,2,6973517917.0,1772552463.0,25.0
5000,384,2,3,5595607255.0,1352032812.0,24.0
5000,384,2,4,5343456588.0,1210844975.0,22.0
5000,384,3,1,8793546457.0,3574288800.0,40.0
5000,384,3,2,5466976366.0,1786780269.0,32.0
5000,384,3,3,4675879438.0,1369899715.0,29.0
5000,768,2,1,20782458737.0,7206996439.0,34.0
5000,768,2,2,14216880300.0,3474650522.0,24.0
5000,768,2,3,10978170023.0,2571140190.0,23.0
5000,768,2,4,10829808892.0,2443409953.0,22.0
5000,768,3,1,16496277153.0,6964766827.0,42.0
5000,768,3,2,10945742281.0,3558854151.0,32.0
5000,768,3,3,8933707800.0,2556916752.0,28.0
6000,24,2,1,1290975349.0,579610653.0,44.0
6000,24,2,2,967736701.0,402298935.0,41.0
6000,24,2,3,1010838847.0,469301247.0,46.0
6000,24,2,4,991019899.0,454279152.0,45.0
6000,24,3,1,1190755572.0,567647624.0,47.0
6000,24,3,2,883060917.0,403589551.0,45.0
6000,24,3,3,946228395.0,486915563.0,51.0
6000,48,2,1,2086361634.0,837975721.0,40.0
6000,48,2,2,1511078988.0,538363695.0,35.0
6000,48,2,3,1525074146.0,603069493.0,39.0
6000,48,2,4,1478230294.0,557269752.0,37.0
6000,48,3,1,1910147092.0,837775495.0,43.0
6000,48,3,2,1340006711.0,540944861.0,40.0
6000,48,3,3,1355444834.0,601886567.0,44.0
6000,96,2,1,3697152496.0,1380741721.0,37.0
6000,96,2,2,2586121831.0,809646666.0,31.0
6000,96,2,3,2459703615.0,769870264.0,31.0
6000,96,2,4,2457870451.0,793188313.0,32.0
6000,96,3,1,3347075508.0,1379265936.0,41.0
6000,96,3,2,2288670585.0,847161464.0,37.0
6000,96,3,3,2144693689.0,803301761.0,37.0
6000,192,2,1,6953587288.0,2465186744.0,35.0
6000,192,2,2,5083794304.0,1422242162.0,27.0
6000,192,2,3,4462937994.0,1203451581.0,26.0
6000,192,2,4,4403079225.0,1202689814.0,27.0
6000,192,3,1,6595385583.0,2708783530.0,41.0
6000,192,3,2,4224828072.0,1472478911.0,34.0
6000,192,3,3,3707311495.0,1216241544.0,32.0
6000,384,2,1,14919834734.0,5178011711.0,34.0
6000,384,2,2,10233505228.0,2646613796.0,25.0
6000,384,2,3,8163222304.0,1971283658.0,24.0
6000,384,2,4,8120862548.0,1966906431.0,24.0
6000,384,3,1,12679464029.0,5177217269.0,40.0
6000,384,3,2,8211531372.0,2749001737.0,33.0
6000,384,3,3,6932278074.0,2096783979.0,30.0
6000,768,2,1,29706446332.0,10215222328.0,34.0
6000,768,2,2,20781271663.0,5432684702.0,26.0
6000,768,2,3,16213265999.0,3849247833.0,23.0
6000,768,2,4,16280685423.0,3752266765.0,23.0
6000,768,3,1,23702107505.0,9966788360.0,42.0
6000,768,3,2,15983729515.0,5172597176.0,32.0
6000,768,3,3,13638983147.0,4101281245.0,30.0
